agentID,agentType,x,y,z,SpawnYaw,agentSpeed
1,tesla,140.087845,129.922043,0.1,0.0,8.0
1,tesla,145.736649,129.216995,0.1,0.0,8.0
1,tesla,178.95372,129.546432,0.1,0.0,8.0
2,tesla,154.448395,129.178864,0.1,0.0,8.0
2,tesla,158.396057,132.00415,0.1,0.0,8.0
2,tesla,163.855804,132.487579,0.1,0.0,8.0
2,tesla,169.880295,132.775726,0.1,0.0,8.0
