agentID,agentType,x,y,z,SpawnYaw,agentSpeed
1,tesla,92.695122,133.025909,0.1,0.0,8.0
1,tesla,236.150543,131.219482,0.1,0.0,8.0
1,tesla,337.320312,129.362183,-0.00001,0.0,8.0
