agentID,agentType,x,y,z,SpawnYaw,agentSpeed
1,tesla,140.087845,129.922043,0.1,0.0,8.0
1,tesla,145.736649,129.216995,0.1,0.0,8.0
1,tesla,178.95372,129.546432,0.1,0.0,8.0
2,tesla,154.448395,129.178864,0.1,0.0,8.0
2,tesla,163.402435,129.516388,0.1,0.0,8.0
2,tesla,169.960648,129.669846,0.1,0.0,8.0
