agentID,agentType,x,y,z,SpawnYaw,agentSpeed
1,tesla,142.616364,129.494614,0.1,0.0,8.0
1,tesla,147.068176,129.168976,0.1,0.0,8.0
1,tesla,186.971207,130.0289,0.1,0.0,8.0
2,tesla,152.49115,133.591446,0.1,0.0,8.0
2,tesla,156.522797,133.593292,0.0,0.0,8.0
