agentID,agentType,x,y,z,SpawnYaw,agentSpeed
1,tesla,140.087845,129.922043,0.1,0.0,8.0
1,tesla,145.736649,129.216995,0.1,0.0,8.0
1,tesla,167.006699,129.396729,0.1,0.0,8.0
2,tesla,153.729996,129.502609,0.1,0.0,8.0
2,tesla,163.402435,129.516388,0.1,0.0,8.0
2,tesla,170.016617,129.861618,0.1,0.0,8.0
