agentID,agentType,x,y,z,SpawnYaw,agentSpeed
1,tesla,140.087845,129.922043,0.1,0.0,8.0
1,tesla,148.333206,129.332642,0.1,0.0,8.0
2,tesla,155.59584,133.552841,0.1,0.0,8.0
2,tesla,161.704605,133.519318,0.1,0.0,8.0
2,tesla,168.209564,133.763565,0.1,0.0,8.0
