agentID,agentType,x,y,z,SpawnYaw,agentSpeed
1,tesla,112.971695,133.49176,0.0,0.0,8.0
1,tesla,191.391113,132.914398,0.1,0.0,8.0
2,tesla,126.700233,129.069427,0.1,0.0,8.0
2,tesla,132.54039,129.343399,-0.0,0.0,8.0
3,tesla,88.628464,324.232758,0.1,-92.026794,8.0
3,tesla,89.136505,134.6409,0.1,-92.026794,8.0
3,tesla,88.035141,3.047402,0.1,-92.026794,8.0
