agentID,agentType,x,y,z,SpawnYaw,agentSpeed
1,tesla,202.394821,109.711441,0.106182,0.0,8.0
1,tesla,206.394821,109.711441,0.106182,0.0,8.0
