agentID,agentType,x,y,z,SpawnYaw,agentSpeed
1,tesla,136.545822,129.665894,0.1,0.0,8.0
1,tesla,141.567535,129.632324,0.1,0.0,8.0
2,tesla,124.102303,133.161575,0.1,0.0,8.0
2,tesla,146.635773,133.322433,0.0,0.0,8.0
2,tesla,151.948578,133.623032,0.000005,0.0,8.0
2,tesla,191.677841,132.814865,0.000005,0.0,8.0
