actor_type,x,y,z
vehicle,188.828583,131.616409,0.0
