actor_type,x,y,z
vehicle,-711.672241,299.979279,194.178192
