actor_type,x,y,z
vehicle,14792.376953,10649.878906,1705.214233
