agentID,agentType,x,y,z,agentSpeed
1,vehicle,161.446198,132.406143,0.0,8.0
1,vehicle,171.791794,127.09436,0.104304,8.0
1,vehicle,184.974884,128.39502,-0.0,8.0
1,vehicle,188.828583,131.616409,0.0,8.0
